Metric,V4_No_Filter,Buy_Hold
Initial_Capital,1000000.0,1000000
Final_Value,1536472.3499999999,1996659.898819751
Total_Return_Pct,53.64723499999998,99.66598988197511
Annualized_Return_Pct,15.746773359086209,26.54618658077674
Sharpe_Ratio,1.2239321236818892,1.2278085613325755
Max_Drawdown_Pct,-5.735227747854802,-28.693158639001265
Trades,2.0,N/A
Win_Rate_Pct,100.0,N/A
Avg_Return_Pct,27.74854933929135,N/A
Avg_Hold_Days,120.0,N/A
